u,v,width,capacity,baseline_vc,optimized_vc,delta_vc,reduction_pct
N1,N2,12.0,1200.0,0.0,0.0,0.0,0.0
N2,N1,12.0,1200.0,0.0,0.0,0.0,0.0
N2,N3,12.0,1200.0,0.0,0.0,0.0,0.0
N2,N5,12.0,1200.0,0.0,0.0,0.0,0.0
N2,T_3,99.0,9999.0,0.0,0.0,0.0,0.0
N3,N2,12.0,1200.0,0.0,0.0,0.0,0.0
N3,N4,6.0,600.0,0.0,0.0,0.0,0.0
N3,TYGY,99.0,9999.0,0.0155,0.0155,-0.0,0.28
N3,T_3,99.0,9999.0,0.0,0.0,0.0,0.0
N4,N3,6.0,600.0,0.0,0.0,0.0,0.0
N4,N5,12.0,1200.0,0.0,0.0,0.0,0.0
N4,N14,6.0,600.0,0.0,0.0,0.0,0.0
N4,N7,12.0,1200.0,0.0,0.0,0.0,0.0
N4,TYGY,99.0,9999.0,0.1255,0.1112,-0.0143,11.39
N4,T_3,99.0,9999.0,0.0,0.0,0.0,0.0
N4,T_4,99.0,9999.0,0.0,0.0,0.0,0.0
N5,N2,12.0,1200.0,0.0,0.0,0.0,0.0
N5,N4,12.0,1200.0,0.0,0.0,0.0,0.0
N5,N6,6.0,600.0,0.0241,0.0241,0.0,-0.04
N5,T_3,99.0,9999.0,0.0,0.0,0.0,0.0
N6,N5,6.0,600.0,0.0,0.0,0.0,0.0
N6,N14,12.0,1200.0,0.0,0.0,0.0,0.0
N6,N26,6.0,600.0,0.0,0.0,0.0,0.0
N6,N17,12.0,1200.0,0.0,0.0,0.0,0.0
N6,T_2,99.0,9999.0,0.0014,0.0014,0.0,-3.33
N7,N4,12.0,1200.0,0.0,0.0,0.0,0.0
N7,N8,8.0,800.0,0.0,0.0,0.0,0.0
N7,TYGY,99.0,9999.0,0.0,0.0143,0.0143,0.0
N8,N7,8.0,800.0,0.0,0.1784,0.1784,0.0
N8,N9,6.0,600.0,0.0,0.0,0.0,0.0
N9,N8,6.0,600.0,0.0,0.2378,0.2378,0.0
N9,N10,12.0,1200.0,0.0,0.0,0.0,0.0
N10,N9,12.0,1200.0,0.0,0.1189,0.1189,0.0
N10,N11,6.0,600.0,0.0,0.0,0.0,0.0
N10,N14,12.0,1200.0,0.0,0.0,0.0,0.0
N11,N10,6.0,600.0,0.0,0.2378,0.2378,0.0
N11,N12,8.0,800.0,0.0,0.1425,0.1425,0.0
N11,N15,8.0,800.0,0.0,0.0,0.0,0.0
N12,N11,8.0,800.0,0.0,0.1784,0.1784,0.0
N12,N28,8.0,800.0,0.0,0.0,0.0,0.0
N12,N13,6.0,600.0,0.0,0.0,0.0,0.0
N12,N30,12.0,1200.0,0.0,0.0,0.0,0.0
N12,XYST,99.0,9999.0,0.0,0.0021,0.0021,0.0
N12,XYGY,99.0,9999.0,0.0808,0.0808,0.0,-0.04
N13,N12,6.0,600.0,0.0,0.0,0.0,0.0
N13,SYJ,99.0,9999.0,0.0,0.0,0.0,0.0
N13,XYGY,99.0,9999.0,0.0,0.0,0.0,0.0
N14,N4,6.0,600.0,1.2513,0.255,-0.9963,79.62
N14,N6,12.0,1200.0,0.0,0.0,0.0,0.0
N14,N10,12.0,1200.0,0.0,0.0,0.0,0.0
N14,N15,12.0,1200.0,0.0,0.0,0.0,0.0
N14,TYST,99.0,9999.0,0.0,0.0,0.0,0.0
N14,T_2,99.0,9999.0,0.0017,0.0017,-0.0,2.56
N14,T_4,99.0,9999.0,0.0351,0.0806,0.0455,-129.75
N15,N11,8.0,800.0,0.0,0.1425,0.1425,0.0
N15,N14,12.0,1200.0,0.0,0.0,0.0,0.0
N15,N16,12.0,1200.0,0.0,0.0,0.0,0.0
N15,N27,8.0,800.0,0.0,0.0,0.0,0.0
N15,T_16,99.0,9999.0,0.0162,0.0097,-0.0065,39.98
N15,T_2,99.0,9999.0,0.0864,0.0687,-0.0177,20.52
N16,N15,12.0,1200.0,0.0,0.0,0.0,0.0
N16,N18,12.0,1200.0,0.0,0.0,0.0,0.0
N16,N30,8.0,800.0,0.6234,0.4687,-0.1547,24.82
N16,T_16,99.0,9999.0,0.0587,0.0421,-0.0166,28.24
N16,T_5,99.0,9999.0,0.0,0.0,0.0,0.0
N17,N6,12.0,1200.0,0.0,0.0,0.0,0.0
N17,N23,6.0,600.0,0.0,0.0,0.0,0.0
N17,N24,12.0,1200.0,0.0,0.0,0.0,0.0
N18,N16,12.0,1200.0,0.0,0.0052,0.0052,0.0
N18,N19,12.0,1200.0,0.0,0.0,0.0,0.0
N18,N25,8.0,800.0,0.0,0.0,0.0,0.0
N18,N45,8.0,800.0,0.0,0.0122,0.0122,0.0
N18,N20,6.0,600.0,0.0,0.0,0.0,0.0
N18,T_1,99.0,9999.0,0.0,0.0035,0.0035,0.0
N19,N18,12.0,1200.0,0.0,0.0,0.0,0.0
N19,N20,12.0,1200.0,0.0,0.0,0.0,0.0
N20,N19,12.0,1200.0,0.0,0.0,0.0,0.0
N20,N18,6.0,600.0,0.0,0.0,0.0,0.0
N20,N21,12.0,1200.0,0.0,0.0,0.0,0.0
N20,T_1,99.0,9999.0,0.0,0.0,0.0,0.0
N21,N20,12.0,1200.0,0.0,0.0,0.0,0.0
N21,N22,12.0,1200.0,0.0,0.0,0.0,0.0
N22,N21,12.0,1200.0,0.0,0.0,0.0,0.0
N22,N24,12.0,1200.0,0.0,0.0,0.0,0.0
N22,N23,6.0,600.0,0.0,0.0,0.0,0.0
N22,T_1,99.0,9999.0,0.0,0.0,0.0,0.0
N23,N17,6.0,600.0,0.0,0.0,0.0,0.0
N23,N22,6.0,600.0,0.0,0.0,0.0,0.0
N24,N22,12.0,1200.0,0.0,0.0,0.0,0.0
N24,N17,12.0,1200.0,0.0,0.0,0.0,0.0
N24,N25,6.0,600.0,0.0,0.0,0.0,0.0
N24,N27,6.0,600.0,0.0,0.0351,0.0351,0.0
N24,T_1,99.0,9999.0,0.0,0.0,0.0,0.0
N25,N18,8.0,800.0,0.0,0.0,0.0,0.0
N25,N24,6.0,600.0,0.0,0.0,0.0,0.0
N25,N26,8.0,800.0,0.2476,0.2443,-0.0033,1.31
N25,T_1,99.0,9999.0,0.0,0.0,0.0,0.0
N26,N6,6.0,600.0,0.0,0.0,0.0,0.0
N26,N25,8.0,800.0,0.0,0.0,0.0,0.0
N26,N27,8.0,800.0,0.2476,0.2443,-0.0033,1.31
N27,N15,8.0,800.0,0.0,0.0,0.0,0.0
N27,N24,6.0,600.0,0.0,0.0,0.0,0.0
N27,N26,8.0,800.0,0.0,0.0,0.0,0.0
N27,T_2,99.0,9999.0,0.0198,0.0217,0.0019,-9.38
N28,N12,8.0,800.0,0.0,0.0,0.0,0.0
N28,N29,8.0,800.0,0.0,0.0,0.0,0.0
N28,N31,12.0,1200.0,0.0,0.0,0.0,0.0
N28,N44,6.0,600.0,0.0,0.0,0.0,0.0
N28,XYST,99.0,9999.0,0.0605,0.0402,-0.0203,33.48
N28,GYST,99.0,9999.0,0.0064,0.0008,-0.0056,87.58
N28,CYGY,99.0,9999.0,0.0381,0.0381,0.0,-0.11
N29,N28,8.0,800.0,0.0,0.0222,0.0222,0.0
N29,N30,6.0,600.0,0.0,0.0,0.0,0.0
N29,N43,8.0,800.0,0.0,0.0,0.0,0.0
N29,N44,6.0,600.0,0.0,0.0,0.0,0.0
N29,XYST,99.0,9999.0,0.0429,0.0597,0.0168,-39.21
N29,GYST,99.0,9999.0,0.0063,0.012,0.0057,-90.25
N30,N16,8.0,800.0,0.6353,0.4138,-0.2215,34.86
N30,N29,6.0,600.0,0.0,0.0,0.0,0.0
N30,N12,12.0,1200.0,0.0,0.0,0.0,0.0
N30,N63,6.0,600.0,0.0,0.0,0.0,0.0
N30,XYST,99.0,9999.0,0.0499,0.0375,-0.0124,24.86
N31,N28,12.0,1200.0,0.0,0.0,0.0,0.0
N31,N32,6.0,600.0,0.0,0.0,0.0,0.0
N31,N33,12.0,1200.0,0.3146,0.1323,-0.1823,57.94
N31,GYST,99.0,9999.0,0.0,0.0,0.0,0.0
N32,N31,6.0,600.0,0.4163,0.0516,-0.3647,87.6
N32,N43,8.0,800.0,0.0,0.0,0.0,0.0
N32,N46,8.0,800.0,0.0,0.0,0.0,0.0
N32,GYST,99.0,9999.0,0.1123,0.1123,0.0,-0.03
N32,T_7,99.0,9999.0,0.0,0.0,0.0,0.0
N33,N31,12.0,1200.0,0.0,0.0,0.0,0.0
N33,N34,12.0,1200.0,0.0,0.0,0.0,0.0
N33,N46,12.0,1200.0,0.0,0.0,0.0,0.0
N33,N61,8.0,800.0,0.3195,0.2361,-0.0834,26.09
N33,N60,8.0,800.0,0.1524,0.2358,0.0834,-54.72
N34,N33,12.0,1200.0,0.0,0.0,0.0,0.0
N34,N35,12.0,1200.0,0.0,0.0,0.0,0.0
N34,N58,6.0,600.0,0.0,0.0,0.0,0.0
N35,N34,12.0,1200.0,0.0,0.0,0.0,0.0
N35,N37,12.0,1200.0,0.0,0.0,0.0,0.0
N35,N57,6.0,600.0,0.0,0.0,0.0,0.0
N35,N36,6.0,600.0,0.0,0.0,0.0,0.0
N36,N35,6.0,600.0,0.0,0.0,0.0,0.0
N36,N37,6.0,600.0,0.0,0.0,0.0,0.0
N36,N38,6.0,600.0,0.0,0.0,0.0,0.0
N37,N35,12.0,1200.0,0.0,0.0,0.0,0.0
N37,N36,6.0,600.0,0.0,0.0,0.0,0.0
N37,N38,8.0,800.0,0.0,0.0,0.0,0.0
N37,N47,12.0,1200.0,0.0,0.0,0.0,0.0
N37,N52,8.0,800.0,0.0,0.0,0.0,0.0
N37,T_9,99.0,9999.0,0.0,0.0,0.0,0.0
N38,N36,6.0,600.0,0.0,0.0,0.0,0.0
N38,N37,8.0,800.0,0.0,0.0,0.0,0.0
N38,N48,6.0,600.0,0.0,0.0,0.0,0.0
N38,N39,8.0,800.0,0.0,0.0,0.0,0.0
N38,N50,6.0,600.0,0.0,0.0,0.0,0.0
N38,T_25,99.0,9999.0,0.0175,0.0079,-0.0096,54.82
N38,T_9,99.0,9999.0,0.0083,0.0194,0.0111,-133.7
N38,T_10,99.0,9999.0,0.0,0.0,0.0,0.0
N39,N38,8.0,800.0,0.0,0.0,0.0,0.0
N39,N40,6.0,600.0,0.0,0.3698,0.3698,0.0
N39,N41,8.0,800.0,0.0,0.1468,0.1468,0.0
N39,N48,6.0,600.0,0.0,0.0,0.0,0.0
N39,T_25,99.0,9999.0,0.0,0.0,0.0,0.0
N40,N39,6.0,600.0,0.0,0.0,0.0,0.0
N40,N41,6.0,600.0,0.0,0.0,0.0,0.0
N40,N49,6.0,600.0,0.0,0.0,0.0,0.0
N40,T_8,99.0,9999.0,0.0,0.0222,0.0222,0.0
N41,N39,8.0,800.0,0.0,0.0,0.0,0.0
N41,N40,6.0,600.0,0.0,0.0,0.0,0.0
N41,N42,8.0,800.0,0.0,0.0,0.0,0.0
N41,N45,6.0,600.0,0.0,0.0,0.0,0.0
N41,T_8,99.0,9999.0,0.0,0.0117,0.0117,0.0
N42,N41,8.0,800.0,0.0,0.0,0.0,0.0
N42,N43,8.0,800.0,0.0,0.0,0.0,0.0
N42,N44,8.0,800.0,0.0,0.0,0.0,0.0
N42,N49,6.0,600.0,0.0,0.0,0.0,0.0
N42,T_7,99.0,9999.0,0.0207,0.0453,0.0246,-118.82
N42,T_8,99.0,9999.0,0.0,0.0,0.0,0.0
N43,N42,8.0,800.0,0.0,0.0,0.0,0.0
N43,N29,8.0,800.0,0.0,0.0,0.0,0.0
N43,N32,8.0,800.0,0.0,0.0,0.0,0.0
N43,T_7,99.0,9999.0,0.0,0.0,0.0,0.0
N44,N28,6.0,600.0,0.0512,0.027,-0.0242,47.2
N44,N42,8.0,800.0,0.0,0.0,0.0,0.0
N44,N29,6.0,600.0,0.2883,0.2712,-0.0171,5.92
N44,N45,8.0,800.0,0.0,0.0,0.0,0.0
N44,T_6,99.0,9999.0,0.0,0.0,0.0,0.0
N45,N18,8.0,800.0,0.0,0.0431,0.0431,0.0
N45,N41,6.0,600.0,0.0,0.0,0.0,0.0
N45,N44,8.0,800.0,0.0,0.0,0.0,0.0
N45,T_6,99.0,9999.0,0.0,0.001,0.001,0.0
N46,N33,12.0,1200.0,0.0,0.1823,0.1823,0.0
N46,N32,8.0,800.0,0.0,0.0,0.0,0.0
N46,N47,12.0,1200.0,0.0,0.0,0.0,0.0
N46,N49,12.0,1200.0,0.0,0.0,0.0,0.0
N46,T_7,99.0,9999.0,0.0,0.0115,0.0115,0.0
N47,N37,12.0,1200.0,0.0,0.0,0.0,0.0
N47,N46,12.0,1200.0,0.0,0.1617,0.1617,0.0
N47,N48,12.0,1200.0,0.0,0.0,0.0,0.0
N47,T_9,99.0,9999.0,0.0,0.0,0.0,0.0
N48,N38,6.0,600.0,0.0,0.0,0.0,0.0
N48,N39,6.0,600.0,0.0,0.0,0.0,0.0
N48,N47,12.0,1200.0,0.0,0.0,0.0,0.0
N48,N49,12.0,1200.0,0.8156,0.3712,-0.4444,54.48
N48,T_25,99.0,9999.0,0.0,0.0,0.0,0.0
N48,T_9,99.0,9999.0,0.0,0.0,0.0,0.0
N49,N42,6.0,600.0,0.0,0.0,0.0,0.0
N49,N46,12.0,1200.0,0.0,0.0,0.0,0.0
N49,N40,6.0,600.0,0.0,0.0,0.0,0.0
N49,N48,12.0,1200.0,0.0,0.0,0.0,0.0
N49,T_7,99.0,9999.0,0.0979,0.0539,-0.044,44.99
N49,T_8,99.0,9999.0,0.0,0.0,0.0,0.0
N50,N38,6.0,600.0,0.0,0.0,0.0,0.0
N50,N52,6.0,600.0,0.0,0.0,0.0,0.0
N50,T_10,99.0,9999.0,0.0,0.0,0.0,0.0
N51,N52,6.0,600.0,0.0,0.0,0.0,0.0
N52,N37,8.0,800.0,0.0,0.0,0.0,0.0
N52,N50,6.0,600.0,0.0,0.0,0.0,0.0
N52,N51,6.0,600.0,0.0,0.0,0.0,0.0
N52,N53,8.0,800.0,0.0,0.0,0.0,0.0
N53,N52,8.0,800.0,0.0,0.0,0.0,0.0
N53,N54,8.0,800.0,0.0,0.0,0.0,0.0
N53,N57,6.0,600.0,0.0,0.0,0.0,0.0
N54,N53,8.0,800.0,0.0,0.0,0.0,0.0
N54,N55,8.0,800.0,0.0,0.0,0.0,0.0
N55,N54,8.0,800.0,0.0,0.0,0.0,0.0
N55,N58,8.0,800.0,0.0,0.0,0.0,0.0
N55,N56,6.0,600.0,0.0,0.0,0.0,0.0
N56,N55,6.0,600.0,0.0,0.0,0.0,0.0
N56,N57,6.0,600.0,0.0,0.0,0.0,0.0
N57,N35,6.0,600.0,0.0,0.0,0.0,0.0
N57,N56,6.0,600.0,0.0,0.0,0.0,0.0
N57,N53,6.0,600.0,0.0,0.0,0.0,0.0
N58,N34,6.0,600.0,0.0,0.0,0.0,0.0
N58,N55,8.0,800.0,0.0,0.0,0.0,0.0
N58,N59,8.0,800.0,0.0,0.0,0.0,0.0
N59,N58,8.0,800.0,0.0,0.0,0.0,0.0
N59,N61,8.0,800.0,0.0,0.0,0.0,0.0
N59,N62,6.0,600.0,0.0,0.0,0.0,0.0
N60,N33,8.0,800.0,0.0,0.0,0.0,0.0
N60,N61,8.0,800.0,0.1524,0.2358,0.0834,-54.72
N61,N33,8.0,800.0,0.0,0.0,0.0,0.0
N61,N59,8.0,800.0,0.0,0.0,0.0,0.0
N61,N60,8.0,800.0,0.0,0.0,0.0,0.0
N61,N62,6.0,600.0,0.0,0.0,0.0,0.0
N61,GYGY,99.0,9999.0,0.0378,0.0378,-0.0,0.11
N62,N59,6.0,600.0,0.0,0.0,0.0,0.0
N62,N61,6.0,600.0,0.0,0.0,0.0,0.0
N62,GYGY,99.0,9999.0,0.0,0.0,0.0,0.0
N63,N30,6.0,600.0,0.0,0.0,0.0,0.0
N63,N64,6.0,600.0,0.0,0.0,0.0,0.0
N64,N63,6.0,600.0,0.0,0.0,0.0,0.0
SYJ,N13,99.0,9999.0,0.0,0.0,0.0,0.0
TYGY,N3,99.0,9999.0,0.0,0.0,0.0,0.0
TYGY,N4,99.0,9999.0,0.0,0.0,0.0,0.0
TYGY,N7,99.0,9999.0,0.0,0.0,0.0,0.0
TYST,N14,99.0,9999.0,0.0,0.0,0.0,0.0
XYST,N30,99.0,9999.0,0.0508,0.0331,-0.0177,34.82
XYST,N12,99.0,9999.0,0.0808,0.0858,0.005,-6.16
XYST,N28,99.0,9999.0,0.0186,0.0126,-0.006,32.41
XYST,N29,99.0,9999.0,0.0031,0.0081,0.005,-160.69
XYGY,N13,99.0,9999.0,0.0,0.0,0.0,0.0
XYGY,N12,99.0,9999.0,0.0,0.0,0.0,0.0
GYST,N28,99.0,9999.0,0.0835,0.0632,-0.0203,24.3
GYST,N29,99.0,9999.0,0.0289,0.0491,0.0202,-69.99
GYST,N31,99.0,9999.0,0.0128,0.0128,-0.0,0.15
GYST,N32,99.0,9999.0,0.0,0.0,0.0,0.0
CYGY,N28,99.0,9999.0,0.0,0.0,0.0,0.0
GYGY,N61,99.0,9999.0,0.0,0.0,0.0,0.0
GYGY,N62,99.0,9999.0,0.0,0.0,0.0,0.0
T_16,N15,99.0,9999.0,0.0864,0.0752,-0.0112,12.95
T_16,N16,99.0,9999.0,0.0404,0.0285,-0.0119,29.49
T_25,N48,99.0,9999.0,0.0655,0.0205,-0.045,68.66
T_25,N39,99.0,9999.0,0.0,0.0339,0.0339,0.0
T_25,N38,99.0,9999.0,0.0,0.0015,0.0015,0.0
T_1,N25,99.0,9999.0,0.0198,0.0195,-0.0003,1.27
T_1,N24,99.0,9999.0,0.0,0.0021,0.0021,0.0
T_1,N22,99.0,9999.0,0.0,0.0,0.0,0.0
T_1,N18,99.0,9999.0,0.0,0.0016,0.0016,0.0
T_1,N20,99.0,9999.0,0.0,0.0,0.0,0.0
T_2,N14,99.0,9999.0,0.1102,0.0959,-0.0143,12.93
T_2,N15,99.0,9999.0,0.0162,0.0146,-0.0016,9.97
T_2,N6,99.0,9999.0,0.0,0.0,0.0,0.0
T_2,N27,99.0,9999.0,0.0,0.0,0.0,0.0
T_3,N3,99.0,9999.0,0.0155,0.0155,-0.0,0.28
T_3,N4,99.0,9999.0,0.0,0.0,0.0,0.0
T_3,N5,99.0,9999.0,0.0014,0.0014,0.0,-3.33
T_3,N2,99.0,9999.0,0.0,0.0,0.0,0.0
T_4,N4,99.0,9999.0,0.0504,0.0959,0.0455,-90.28
T_4,N14,99.0,9999.0,0.0017,0.0017,-0.0,2.56
T_5,N16,99.0,9999.0,0.0174,0.0174,0.0,-0.02
T_6,N44,99.0,9999.0,0.0204,0.0179,-0.0025,12.27
T_6,N45,99.0,9999.0,0.0,0.0035,0.0035,0.0
T_7,N42,99.0,9999.0,0.0,0.0,0.0,0.0
T_7,N43,99.0,9999.0,0.0,0.0,0.0,0.0
T_7,N32,99.0,9999.0,0.1373,0.1154,-0.0219,15.93
T_7,N46,99.0,9999.0,0.0,0.014,0.014,0.0
T_7,N49,99.0,9999.0,0.0,0.0,0.0,0.0
T_8,N42,99.0,9999.0,0.0207,0.0453,0.0246,-118.82
T_8,N41,99.0,9999.0,0.0,0.0,0.0,0.0
T_8,N49,99.0,9999.0,0.0,0.0093,0.0093,0.0
T_8,N40,99.0,9999.0,0.0,0.0,0.0,0.0
T_9,N47,99.0,9999.0,0.0,0.0194,0.0194,0.0
T_9,N37,99.0,9999.0,0.0,0.0,0.0,0.0
T_9,N38,99.0,9999.0,0.0,0.0,0.0,0.0
T_9,N48,99.0,9999.0,0.0324,0.024,-0.0084,25.86
T_10,N38,99.0,9999.0,0.0258,0.0258,0.0,-0.01
T_10,N50,99.0,9999.0,0.0,0.0,0.0,0.0
